{"cameraMode":{"drawMode":0,"name":"Shaded","section":"Shading Mode"},"sceneLighting":true,"audioPlay":false,"sceneViewState":{"showFog":true,"showMaterialUpdate":false,"showSkybox":true,"showFlares":true,"showImageEffects":true,"showParticleSystems":true},"in2DMode":false,"pivot":{"x":604.8317260742188,"y":130.9484100341797,"z":602.1121826171875},"rotation":{"x":-0.26738452911376955,"y":-0.5982350707054138,"z":0.22150926291942597,"w":-0.7222068309783936},"size":3.319495677947998,"orthographic":false}